{
  "rollWidget": {
    "origin": "BOTTOM",
    "offset": {
      "f_82470_": 93.00004,
      "f_82471_": -11.332603
    }
  }
}