{
  "rollWidget": {
    "origin": "BOTTOM",
    "offset": {
      "f_82470_": 104.39313,
      "f_82471_": -10.666666
    }
  }
}