{
  "rollWidget": {
    "origin": "BOTTOM",
    "offset": {
      "f_82470_": 110.66668,
      "f_82471_": -10.331025
    }
  }
}